,,,,,,,,,,,,,
,,,,,,,,,,,,,
,,,,,,,,,,,,,
,,,,,,,,,,,,,
,x,,,,,,,,,,,,
stt,Task,Chi tiết công việc,Phụ trách,Deadline,,,Thực tế,,,Tiến Độ,,Tài liệu / Notes,Khó khăn gặp phải
,,,,Bắt đầu,Kết thúc,Giờ làm,Bắt đầu,Kết thúc,Giờ làm,Tình trạng,Mức độ,,
1,"Sprint 1 - System Design, Authentication & Exam Management","Phân tích yêu cầu, thiết kế hệ thống và xây dựng các chức năng nền tảng cho User, Course, Document và Exam",Cả team,,,,,,,In process,0%,,
1.1,Introduction and Overall Description,"Giới thiệu AIVES, mục tiêu hệ thống, product vision và business process của hệ thống thi vấn đáp AI",Cả team,02/10/2026,03/10/2026,4,,,,In process,0%,,
1.2,User Requirements,"Xác định 3 Actors (Admin, Teacher, Student), xây dựng Use Case Diagram, mô tả Use Case và business rules","Hưng, Bắc",02/10/2026,03/10/2026,4,,,,Complete,0%,,
1.3,Functional & Non-Functional Requirements,"Xác định các chức năng chính: Login, User Management, Course Management, Upload .md, Create Exam, Exam Code, AI Viva, STT, AI Scoring, Teacher Review và Result",Cả team,02/10/2026,03/10/2026,4,,,,Complete,0%,,
1.4,System & Database Design,"Thiết kế kiến trúc Frontend – Backend – AI Service, ERD và Data Dictionary cho User, Course, MarkdownDocument, Exam, ExamSession, Question, Answer, Transcript, Result, QuestionScore và FinalResult","Hưng, Bắc, Thịnh",02/10/2026,03/10/2026,4,,,,Complete,0%,,
1.5,Base Project Setup,"Khởi tạo Backend, Frontend, Neon PostgreSQL, AI Service, Git Repository và Environment","Hưng, Bắc",03/10/2026,04/10/2026,5,,,,Complete,0%,,
1.6,Authentication & Authorization,"BE 1: Login, JWT, Password Hashing và phân quyền Admin / Teacher / Student",Hưng,03/10/2026,06/10/2026,4,,,,Complete,0%,,
1.7,User & Course Management,"BE 2: Admin quản lý User, Teacher, Student; tạo và quản lý Course; phân công Teacher phụ trách Course",Thịnh,03/10/2026,06/10/2026,5,,,,Complete,0%,,
1.8,Markdown Document Management,"BE 2: Teacher upload 2 file .md, validate file, lưu nội dung và liên kết Document với Course",Thịnh,03/10/2026,06/10/2026,5,,,,Complete,0%,,
1.9,Exam Management,"BE 3: Teacher tạo và quản lý Exam, sinh Exam Code, cấu hình thời gian, số lượng câu hỏi và trạng thái bài thi",Bắc,03/10/2026,06/10/2026,5,,,,Complete,0%,,
1.1,Basic UI,"FE: Login, Admin Dashboard, Teacher Dashboard, Course Management, Upload .md, Create Exam và Student nhập Exam Code",Huyền,03/10/2026,06/10/2026,10,,,,Complete,0%,,
1.11,AI Service Base Setup,"AI 1 + AI 2: Khởi tạo FastAPI AI Service, cấu trúc service, prompt và API communication","Hữu, Trí",03/10/2026,06/10/2026,10,,,,Complete,0%,,
2,Sprint 2 - AI Viva Interview & Speech Processing,"Xây dựng chức năng cốt lõi: Exam Session, AI Interview, STT, TTS và Follow-up",Cả team,,,,,,,Complete,0%,,
2.1,Markdown Processing,"AI 1: Đọc, xử lý và chuẩn hóa nội dung từ 2 file .md để tạo context cho AI",Hữu,,,,,,,Complete,0%,,
2.2,AI Question Generation,AI 1: Xây dựng prompt/logic để AI tạo câu hỏi dựa trên nội dung môn học và Learning Outcomes,Hữu,,,,,,,Complete,0%,,
2.3,Speech-to-Text,AI 2: Tích hợp Speech-to-Text để chuyển câu trả lời bằng giọng nói thành transcript,Trí,, ,,,,,Complete,100%,,
2.4,Text-to-Speech,AI 2: Tích hợp Text-to-Speech để AI có thể đọc câu hỏi cho Student,Trí,,,,,,,Complete,100%,,
2.5,AI Interview Engine,AI 1: Xây dựng flow AI hỏi → Student trả lời → AI phân tích → câu hỏi tiếp theo,Trí,,,,,,,Complete,100%,,
2.6,Follow-up Question,AI 1: AI tạo câu hỏi phụ/đào sâu dựa trên câu trả lời của Student,Trí,,,,,,,Complete,100%,,
2.7,Exam Session API,"BE 3: API Start Exam, Submit Answer, Next Question, End Exam và lưu Question, Answer, Transcript",Bắc,,,,,,,Complete,0%,,
2.8,AI Integration API,BE 1 + AI: Kết nối ASP.NET Core Backend với FastAPI AI Service và xử lý request/response,"Hưng, Hữu, Trí",,,,,,,Complete,0%,,
2.9,Viva Exam UI,"FE: Màn hình thi, hiển thị câu hỏi AI, microphone, transcript, timer và trạng thái Exam Session",Huyền,,,,,,,Complete,0%,,
2.1,Viva Flow Integration,Cả team: Tích hợp flow Exam Code → Exam Session → AI Question → Voice → STT → Answer → Follow-up → End Exam,Cả team,,,,,,,Complete,0%,,
3,"Sprint 3 - AI Scoring, Teacher Review, Result & Deployment","Hoàn thiện AI chấm điểm, Teacher duyệt kết quả, Student xem kết quả, kiểm thử và triển khai",Cả team,,,,,,,Complete,0%,,
3.1,AI Evaluation & Scoring,"AI 1: Phân tích câu trả lời dựa trên nội dung .md và Learning Outcomes, đưa ra điểm từng câu và tổng điểm đề xuất",Trí,,,,,,,Complete,100%,,
3.2,AI Feedback & Answer Analysis,"AI 2: Phân tích câu trả lời và sinh feedback về điểm mạnh, điểm yếu và nội dung còn thiếu",Hữu,,,,,,,Complete,0%,,
3.30,Result API,"BE 3: Lưu và xử lý Result, QuestionScore, Feedback, Transcript và FinalResult; quản lý trạng thái Result PendingReview / Published.",Bắc,,,,,,,Complete,0%,,
3.4,Teacher Review API,"BE 1: API cho Teacher xem kết quả AI, review, approve và publish kết quả; lưu thông tin Teacher review và thời gian publish",Hưng,,,,,,,Complete,0%,,
3.5,Exam History,"BE 2: API lịch sử bài thi, danh sách Student đã thi và kết quả theo Course / Exam",Thịnh,,,,,,,Complete,0%,,
3.6,Teacher Review UI,"FE: Màn hình Teacher xem Student, Exam Session, câu hỏi, transcript, câu trả lời, điểm AI và Approve/Publish Result",Huyền,,,,,,,Complete,0%,,
3.7,Student Result UI,FE: Trang kết quả Student; Trang kết quả Student; chỉ hiển thị Final Result sau khi Teacher approve và publish kết quả.,Huyền,,,,,,,Complete,0%,,
3.8,Full System Integration,Cả team: Tích hợp toàn bộ flow Admin → Course → Teacher → Upload .md → Exam → Exam Code → Student → AI Viva → STT → AI Scoring → Teacher Review → Final Result,Cả team,,,,,,,Complete,0%,,
3.9,Testing,"Cả team: Kiểm thử Authentication, Role Authorization, User, Course, Upload .md, Exam, Exam Session, STT, AI Interview, Scoring, Teacher Review và Result",Cả team,,,,,,,Complete,0%,,
3.1,Security & Error Handling,"Kiểm tra JWT, Role Authorization, validation, API errors, quyền truy cập Result và bảo mật dữ liệu",Cả team,,,,,,,Complete,0%,,
3.11,Deployment,"Deploy Frontend, Backend, Neon PostgreSQL và AI Service; cấu hình Environment Variables",Cả team,,,,,,,Complete,0%,,
3.12,Documentation & Demo,"Hoàn thiện API Documentation, User Guide, Architecture Diagram, Database Diagram và chuẩn bị Demo/Presentation",Cả team,,,,,,,Complete,0%,,
,,,,,,,,,,Complete,0%,,
,,,,,,,,,,Complete,0%,,
,,,,,,,,,,Complete,0%,,
,,,,,,,,,,,,,
,,,,,,,,,,,,,
27,,,,,,,,,,,,,
28,,,,,,,,,,,,,
29,,,,,,,,,,,,,
30,,,,,,,,,,,,,
31,,,,,,,,,,,,,
32,,,,,,,,,,,,,
33,,,,,,,,,,,,,
34,,,,,,,,,,,,,
35,,,,,,,,,,,,,
36,,,,,,,,,,,,,
37,,,,,,,,,,,,,
38,,,,,,,,,,,,,
39,,,,,,,,,,,,,
40,,,,,,,,,,,,,
41,,,,,,,,,,,,,
42,,,,,,,,,,,,,
43,,,,,,,,,,,,,
44,,,,,,,,,,,,,
45,,,,,,,,,,,,,
46,,,,,,,,,,,,,
47,,,,,,,,,,,,,
48,,,,,,,,,,,,,
49,,,,,,,,,,,,,
50,,,,,,,,,,,,,
51,,,,,,,,,,,,,
52,,,,,,,,,,,,,
53,,,,,,,,,,,,,
54,,,,,,,,,,,,,
55,,,,,,,,,,,,,
56,,,,,,,,,,,,,
57,,,,,,,,,,,,,
58,,,,,,,,,,,,,
59,,,,,,,,,,,,,
60,,,,,,,,,,,,,
61,,,,,,,,,,,,,
62,,,,,,,,,,,,,
63,,,,,,,,,,,,,
64,,,,,,,,,,,,,
65,,,,,,,,,,,,,
66,,,,,,,,,,,,,
67,,,,,,,,,,,,,
68,,,,,,,,,,,,,
69,,,,,,,,,,,,,
70,,,,,,,,,,,,,
71,,,,,,,,,,,,,
72,,,,,,,,,,,,,
73,,,,,,,,,,,,,
74,,,,,,,,,,,,,
75,,,,,,,,,,,,,
76,,,,,,,,,,,,,
77,,,,,,,,,,,,,
78,,,,,,,,,,,,,
79,,,,,,,,,,,,,
80,,,,,,,,,,,,,
81,,,,,,,,,,,,,
